,INCIDENT_NUMBER,OFFENSE_CODE,OFFENSE_CODE_GROUP,OFFENSE_DESCRIPTION
1295,I182069509,413,Aggravated Assault,ASSAULT - AGGRAVATED - BATTERY
1860,I182068876,413,Aggravated Assault,ASSAULT - AGGRAVATED - BATTERY
3259,I182067317,111,Homicide,"MURDER, NON-NEGLIGIENT MANSLAUGHTER"
4107,I182066420,413,Aggravated Assault,ASSAULT - AGGRAVATED - BATTERY
5162,I182065260,1501,Firearm Violations,"WEAPON - FIREARM - CARRYING / POSSESSING, ETC"
5689,I182064699,111,Homicide,"MURDER, NON-NEGLIGIENT MANSLAUGHTER"
6038,I182064331,413,Aggravated Assault,ASSAULT - AGGRAVATED - BATTERY
6046,I182064319,413,Aggravated Assault,ASSAULT - AGGRAVATED - BATTERY
6277,I182064057,413,Aggravated Assault,ASSAULT - AGGRAVATED - BATTERY
6278,I182064056,111,Homicide,"MURDER, NON-NEGLIGIENT MANSLAUGHTER"
6477,I182063831,413,Aggravated Assault,ASSAULT - AGGRAVATED - BATTERY
7385,I182062810,413,Aggravated Assault,ASSAULT - AGGRAVATED - BATTERY
7992,I182062147,413,Aggravated Assault,ASSAULT - AGGRAVATED - BATTERY
8219,I182061887,413,Aggravated Assault,ASSAULT - AGGRAVATED - BATTERY
8431,I182061662,413,Aggravated Assault,ASSAULT - AGGRAVATED - BATTERY
8782,I182061280,413,Aggravated Assault,ASSAULT - AGGRAVATED - BATTERY
9077,I182060953,3001,Medical Assistance,DEATH INVESTIGATION
9606,I182060366,413,Aggravated Assault,ASSAULT - AGGRAVATED - BATTERY
9658,I182060309,413,Aggravated Assault,ASSAULT - AGGRAVATED - BATTERY
11020,I182058835,413,Aggravated Assault,ASSAULT - AGGRAVATED - BATTERY
11631,I182058179,413,Aggravated Assault,ASSAULT - AGGRAVATED - BATTERY
12126,I182057654,111,Homicide,"MURDER, NON-NEGLIGIENT MANSLAUGHTER"
13447,I182056227,413,Aggravated Assault,ASSAULT - AGGRAVATED - BATTERY
14422,I182055198,413,Aggravated Assault,ASSAULT - AGGRAVATED - BATTERY
15368,I182054207,413,Aggravated Assault,ASSAULT - AGGRAVATED - BATTERY
15495,I182054067,413,Aggravated Assault,ASSAULT - AGGRAVATED - BATTERY
16004,I182053533,413,Aggravated Assault,ASSAULT - AGGRAVATED - BATTERY
16116,I182053414,111,Homicide,"MURDER, NON-NEGLIGIENT MANSLAUGHTER"
16239,I182053289,413,Aggravated Assault,ASSAULT - AGGRAVATED - BATTERY
16874,I182052602,3001,Medical Assistance,DEATH INVESTIGATION
16924,I182052553,413,Aggravated Assault,ASSAULT - AGGRAVATED - BATTERY
17094,I182052372,413,Aggravated Assault,ASSAULT - AGGRAVATED - BATTERY
17099,I182052365,111,Homicide,"MURDER, NON-NEGLIGIENT MANSLAUGHTER"
17937,I182051482,413,Aggravated Assault,ASSAULT - AGGRAVATED - BATTERY
18186,I182051210,111,Homicide,"MURDER, NON-NEGLIGIENT MANSLAUGHTER"
18197,I182051203,413,Aggravated Assault,ASSAULT - AGGRAVATED - BATTERY
18875,I182050499,413,Aggravated Assault,ASSAULT - AGGRAVATED - BATTERY
19671,I182049671,413,Aggravated Assault,ASSAULT - AGGRAVATED - BATTERY
20286,I182049008,413,Aggravated Assault,ASSAULT - AGGRAVATED - BATTERY
23335,I182045765,413,Aggravated Assault,ASSAULT - AGGRAVATED - BATTERY
23976,I182045071,413,Aggravated Assault,ASSAULT - AGGRAVATED - BATTERY
24461,I182044559,413,Aggravated Assault,ASSAULT - AGGRAVATED - BATTERY
24467,I182044554,413,Aggravated Assault,ASSAULT - AGGRAVATED - BATTERY
24476,I182044546,423,Aggravated Assault,ASSAULT - AGGRAVATED
24624,I182044393,1501,Firearm Violations,"WEAPON - FIREARM - CARRYING / POSSESSING, ETC"
25433,I182043561,111,Homicide,"MURDER, NON-NEGLIGIENT MANSLAUGHTER"
25512,I182043486,413,Aggravated Assault,ASSAULT - AGGRAVATED - BATTERY
26492,I182042418,3170,Other,INTIMIDATING WITNESS
29882,I182038763,413,Aggravated Assault,ASSAULT - AGGRAVATED - BATTERY
30571,I182038022,413,Aggravated Assault,ASSAULT - AGGRAVATED - BATTERY
30920,I182037657,413,Aggravated Assault,ASSAULT - AGGRAVATED - BATTERY
31692,I182036836,3001,Medical Assistance,DEATH INVESTIGATION
31792,I182036730,423,Aggravated Assault,ASSAULT - AGGRAVATED
33214,I182035240,413,Aggravated Assault,ASSAULT - AGGRAVATED - BATTERY
34497,I182033842,413,Aggravated Assault,ASSAULT - AGGRAVATED - BATTERY
34529,I182033812,2662,Ballistics,BALLISTICS EVIDENCE/FOUND
34566,I182033779,1501,Firearm Violations,"WEAPON - FIREARM - CARRYING / POSSESSING, ETC"
34817,I182033510,1501,Firearm Violations,"WEAPON - FIREARM - CARRYING / POSSESSING, ETC"
35255,I182033040,413,Aggravated Assault,ASSAULT - AGGRAVATED - BATTERY
36265,I182031968,413,Aggravated Assault,ASSAULT - AGGRAVATED - BATTERY
36498,I182031717,3001,Medical Assistance,DEATH INVESTIGATION
36652,I182031562,1503,Firearm Violations,"WEAPON - OTHER - CARRYING / POSSESSING, ETC"
39688,I182028394,413,Aggravated Assault,ASSAULT - AGGRAVATED - BATTERY
41180,I182026805,413,Aggravated Assault,ASSAULT - AGGRAVATED - BATTERY
41969,I182025962,111,Homicide,"MURDER, NON-NEGLIGIENT MANSLAUGHTER"
42373,I182025532,111,Homicide,"MURDER, NON-NEGLIGIENT MANSLAUGHTER"
42387,I182025516,413,Aggravated Assault,ASSAULT - AGGRAVATED - BATTERY
43033,I182024815,413,Aggravated Assault,ASSAULT - AGGRAVATED - BATTERY
43509,I182024317,413,Aggravated Assault,ASSAULT - AGGRAVATED - BATTERY
43830,I182023966,111,Homicide,"MURDER, NON-NEGLIGIENT MANSLAUGHTER"
44788,I182022956,413,Aggravated Assault,ASSAULT - AGGRAVATED - BATTERY
45107,I182022623,301,Robbery,ROBBERY - STREET
45543,I182022142,413,Aggravated Assault,ASSAULT - AGGRAVATED - BATTERY
45587,I182022093,413,Aggravated Assault,ASSAULT - AGGRAVATED - BATTERY
48210,I182019313,413,Aggravated Assault,ASSAULT - AGGRAVATED - BATTERY
52461,I182014711,413,Aggravated Assault,ASSAULT - AGGRAVATED - BATTERY
52516,I182014658,413,Aggravated Assault,ASSAULT - AGGRAVATED - BATTERY
53222,I182013918,111,Homicide,"MURDER, NON-NEGLIGIENT MANSLAUGHTER"
53840,I182013270,413,Aggravated Assault,ASSAULT - AGGRAVATED - BATTERY
54245,I182012830,413,Aggravated Assault,ASSAULT - AGGRAVATED - BATTERY
55072,I182011931,111,Homicide,"MURDER, NON-NEGLIGIENT MANSLAUGHTER"
55553,I182011422,413,Aggravated Assault,ASSAULT - AGGRAVATED - BATTERY
57817,I182008982,111,Homicide,"MURDER, NON-NEGLIGIENT MANSLAUGHTER"
58445,I182008316,111,Homicide,"MURDER, NON-NEGLIGIENT MANSLAUGHTER"
59460,I182007254,413,Aggravated Assault,ASSAULT - AGGRAVATED - BATTERY
59478,I182007236,413,Aggravated Assault,ASSAULT - AGGRAVATED - BATTERY
59864,I182006824,413,Aggravated Assault,ASSAULT - AGGRAVATED - BATTERY
61110,I182005519,413,Aggravated Assault,ASSAULT - AGGRAVATED - BATTERY
61278,I182005329,413,Aggravated Assault,ASSAULT - AGGRAVATED - BATTERY
61766,I182004802,413,Aggravated Assault,ASSAULT - AGGRAVATED - BATTERY
62906,I182003609,413,Aggravated Assault,ASSAULT - AGGRAVATED - BATTERY
63598,I182002867,413,Aggravated Assault,ASSAULT - AGGRAVATED - BATTERY
63683,I182002786,3115,Investigate Person,INVESTIGATE PERSON
66085,I182000200,2611,Other,ABDUCTION - INTICING
66499,I172107441,413,Aggravated Assault,ASSAULT - AGGRAVATED - BATTERY
66880,I172107017,413,Aggravated Assault,ASSAULT - AGGRAVATED - BATTERY
67672,I172106158,413,Aggravated Assault,ASSAULT - AGGRAVATED - BATTERY
67699,I172106125,1402,Vandalism,VANDALISM
67722,I172106098,413,Aggravated Assault,ASSAULT - AGGRAVATED - BATTERY
67864,I172105931,413,Aggravated Assault,ASSAULT - AGGRAVATED - BATTERY
67897,I172105897,413,Aggravated Assault,ASSAULT - AGGRAVATED - BATTERY
68028,I172105745,413,Aggravated Assault,ASSAULT - AGGRAVATED - BATTERY
68601,I172105110,413,Aggravated Assault,ASSAULT - AGGRAVATED - BATTERY
68863,I172104845,413,Aggravated Assault,ASSAULT - AGGRAVATED - BATTERY
69599,I172104064,413,Aggravated Assault,ASSAULT - AGGRAVATED - BATTERY
69603,I172104058,413,Aggravated Assault,ASSAULT - AGGRAVATED - BATTERY
69635,I172104020,413,Aggravated Assault,ASSAULT - AGGRAVATED - BATTERY
70286,I172103321,413,Aggravated Assault,ASSAULT - AGGRAVATED - BATTERY
71118,I172102399,111,Homicide,"MURDER, NON-NEGLIGIENT MANSLAUGHTER"
71496,I172102009,413,Aggravated Assault,ASSAULT - AGGRAVATED - BATTERY
71788,I172101691,413,Aggravated Assault,ASSAULT - AGGRAVATED - BATTERY
71854,I172101621,413,Aggravated Assault,ASSAULT - AGGRAVATED - BATTERY
71934,I172101534,413,Aggravated Assault,ASSAULT - AGGRAVATED - BATTERY
72104,I172101369,111,Homicide,"MURDER, NON-NEGLIGIENT MANSLAUGHTER"
72965,I172100477,413,Aggravated Assault,ASSAULT - AGGRAVATED - BATTERY
73451,I172099946,111,Homicide,"MURDER, NON-NEGLIGIENT MANSLAUGHTER"
73577,I172099808,413,Aggravated Assault,ASSAULT - AGGRAVATED - BATTERY
75221,I172098079,1501,Firearm Violations,"WEAPON - FIREARM - CARRYING / POSSESSING, ETC"
75289,I172098008,413,Aggravated Assault,ASSAULT - AGGRAVATED - BATTERY
75423,I172097866,413,Aggravated Assault,ASSAULT - AGGRAVATED - BATTERY
76695,I172096494,413,Aggravated Assault,ASSAULT - AGGRAVATED - BATTERY
76773,I172096406,423,Aggravated Assault,ASSAULT - AGGRAVATED
76979,I172096197,1501,Firearm Violations,"WEAPON - FIREARM - CARRYING / POSSESSING, ETC"
79401,I172093656,301,Robbery,ROBBERY - STREET
79418,I172093639,413,Aggravated Assault,ASSAULT - AGGRAVATED - BATTERY
79997,I172093007,111,Homicide,"MURDER, NON-NEGLIGIENT MANSLAUGHTER"
80143,I172092857,2662,Ballistics,BALLISTICS EVIDENCE/FOUND
81689,I172091222,111,Homicide,"MURDER, NON-NEGLIGIENT MANSLAUGHTER"
82328,I172090526,1501,Firearm Violations,"WEAPON - FIREARM - CARRYING / POSSESSING, ETC"
82360,I172090493,413,Aggravated Assault,ASSAULT - AGGRAVATED - BATTERY
82787,I172090013,3410,Towed,TOWED MOTOR VEHICLE
82820,I172089976,413,Aggravated Assault,ASSAULT - AGGRAVATED - BATTERY
82835,I172089961,413,Aggravated Assault,ASSAULT - AGGRAVATED - BATTERY
82862,I172089929,413,Aggravated Assault,ASSAULT - AGGRAVATED - BATTERY
82880,I172089911,413,Aggravated Assault,ASSAULT - AGGRAVATED - BATTERY
84541,I172088148,413,Aggravated Assault,ASSAULT - AGGRAVATED - BATTERY
85449,I172087162,413,Aggravated Assault,ASSAULT - AGGRAVATED - BATTERY
85478,I172087117,413,Aggravated Assault,ASSAULT - AGGRAVATED - BATTERY
85987,I172086572,111,Homicide,"MURDER, NON-NEGLIGIENT MANSLAUGHTER"
86812,I172085715,413,Aggravated Assault,ASSAULT - AGGRAVATED - BATTERY
87419,I172085057,413,Aggravated Assault,ASSAULT - AGGRAVATED - BATTERY
88075,I172084330,3114,Investigate Property,INVESTIGATE PROPERTY
88534,I172083822,413,Aggravated Assault,ASSAULT - AGGRAVATED - BATTERY
89957,I172082312,413,Aggravated Assault,ASSAULT - AGGRAVATED - BATTERY
90269,I172081989,413,Aggravated Assault,ASSAULT - AGGRAVATED - BATTERY
90337,I172081919,413,Aggravated Assault,ASSAULT - AGGRAVATED - BATTERY
90525,I172081720,413,Aggravated Assault,ASSAULT - AGGRAVATED - BATTERY
90733,I172081490,413,Aggravated Assault,ASSAULT - AGGRAVATED - BATTERY
90785,I172081437,111,Homicide,"MURDER, NON-NEGLIGIENT MANSLAUGHTER"
90805,I172081419,3115,Investigate Person,INVESTIGATE PERSON
92596,I172079527,111,Homicide,"MURDER, NON-NEGLIGIENT MANSLAUGHTER"
92663,I172079451,301,Robbery,ROBBERY - STREET
92691,I172079426,301,Robbery,ROBBERY - STREET
92739,I172079368,413,Aggravated Assault,ASSAULT - AGGRAVATED - BATTERY
93528,I172078541,413,Aggravated Assault,ASSAULT - AGGRAVATED - BATTERY
94330,I172077711,413,Aggravated Assault,ASSAULT - AGGRAVATED - BATTERY
94550,I172077463,413,Aggravated Assault,ASSAULT - AGGRAVATED - BATTERY
94787,I172077221,413,Aggravated Assault,ASSAULT - AGGRAVATED - BATTERY
95126,I172076865,413,Aggravated Assault,ASSAULT - AGGRAVATED - BATTERY
95393,I172076580,413,Aggravated Assault,ASSAULT - AGGRAVATED - BATTERY
95406,I172076568,301,Robbery,ROBBERY - STREET
96069,I172075882,2662,Ballistics,BALLISTICS EVIDENCE/FOUND
96108,I172075842,413,Aggravated Assault,ASSAULT - AGGRAVATED - BATTERY
96648,I172075277,111,Homicide,"MURDER, NON-NEGLIGIENT MANSLAUGHTER"
96682,I172075240,413,Aggravated Assault,ASSAULT - AGGRAVATED - BATTERY
96702,I172075218,413,Aggravated Assault,ASSAULT - AGGRAVATED - BATTERY
97287,I172074561,413,Aggravated Assault,ASSAULT - AGGRAVATED - BATTERY
97814,I172074007,111,Homicide,"MURDER, NON-NEGLIGIENT MANSLAUGHTER"
98298,I172073486,3001,Medical Assistance,DEATH INVESTIGATION
99156,I172072578,413,Aggravated Assault,ASSAULT - AGGRAVATED - BATTERY
102657,I172068857,111,Homicide,"MURDER, NON-NEGLIGIENT MANSLAUGHTER"
102872,I172068628,111,Homicide,"MURDER, NON-NEGLIGIENT MANSLAUGHTER"
102902,I172068602,3410,Towed,TOWED MOTOR VEHICLE
102950,I172068555,413,Aggravated Assault,ASSAULT - AGGRAVATED - BATTERY
102952,I172068552,413,Aggravated Assault,ASSAULT - AGGRAVATED - BATTERY
103284,I172068204,413,Aggravated Assault,ASSAULT - AGGRAVATED - BATTERY
103600,I172067867,413,Aggravated Assault,ASSAULT - AGGRAVATED - BATTERY
104756,I172066626,111,Homicide,"MURDER, NON-NEGLIGIENT MANSLAUGHTER"
104897,I172066494,413,Aggravated Assault,ASSAULT - AGGRAVATED - BATTERY
105004,I172066370,413,Aggravated Assault,ASSAULT - AGGRAVATED - BATTERY
105445,I172065913,413,Aggravated Assault,ASSAULT - AGGRAVATED - BATTERY
105930,I172065378,111,Homicide,"MURDER, NON-NEGLIGIENT MANSLAUGHTER"
106602,I172064657,413,Aggravated Assault,ASSAULT - AGGRAVATED - BATTERY
106907,I172064337,413,Aggravated Assault,ASSAULT - AGGRAVATED - BATTERY
108173,I172062994,111,Homicide,"MURDER, NON-NEGLIGIENT MANSLAUGHTER"
109132,I172062015,311,Robbery,ROBBERY - COMMERCIAL
109138,I172062010,413,Aggravated Assault,ASSAULT - AGGRAVATED - BATTERY
109349,I172061771,413,Aggravated Assault,ASSAULT - AGGRAVATED - BATTERY
109398,I172061724,413,Aggravated Assault,ASSAULT - AGGRAVATED - BATTERY
109988,I172061068,2907,Violations,VAL - OPERATING AFTER REV/SUSP.
111086,I172059929,413,Aggravated Assault,ASSAULT - AGGRAVATED - BATTERY
112422,I172058490,413,Aggravated Assault,ASSAULT - AGGRAVATED - BATTERY
112653,I172058253,111,Homicide,"MURDER, NON-NEGLIGIENT MANSLAUGHTER"
112851,I172058042,413,Aggravated Assault,ASSAULT - AGGRAVATED - BATTERY
112948,I172057934,413,Aggravated Assault,ASSAULT - AGGRAVATED - BATTERY
113179,I172057678,413,Aggravated Assault,ASSAULT - AGGRAVATED - BATTERY
113972,I172056811,413,Aggravated Assault,ASSAULT - AGGRAVATED - BATTERY
114608,I172056146,413,Aggravated Assault,ASSAULT - AGGRAVATED - BATTERY
114876,I172055874,413,Aggravated Assault,ASSAULT - AGGRAVATED - BATTERY
114903,I172055848,301,Robbery,ROBBERY - STREET
115715,I172054982,413,Aggravated Assault,ASSAULT - AGGRAVATED - BATTERY
116058,I172054624,413,Aggravated Assault,ASSAULT - AGGRAVATED - BATTERY
116214,I172054477,413,Aggravated Assault,ASSAULT - AGGRAVATED - BATTERY
116285,I172054407,413,Aggravated Assault,ASSAULT - AGGRAVATED - BATTERY
116638,I172054029,1845,Drug Violation,DRUGS - POSS CLASS D
116766,I172053885,413,Aggravated Assault,ASSAULT - AGGRAVATED - BATTERY
116827,I172053819,413,Aggravated Assault,ASSAULT - AGGRAVATED - BATTERY
116889,I172053750,413,Aggravated Assault,ASSAULT - AGGRAVATED - BATTERY
117201,I172053412,413,Aggravated Assault,ASSAULT - AGGRAVATED - BATTERY
117203,I172053409,413,Aggravated Assault,ASSAULT - AGGRAVATED - BATTERY
117417,I172053177,413,Aggravated Assault,ASSAULT - AGGRAVATED - BATTERY
117552,I172053026,413,Aggravated Assault,ASSAULT - AGGRAVATED - BATTERY
118000,I172052541,413,Aggravated Assault,ASSAULT - AGGRAVATED - BATTERY
118047,I172052482,413,Aggravated Assault,ASSAULT - AGGRAVATED - BATTERY
118304,I172052230,413,Aggravated Assault,ASSAULT - AGGRAVATED - BATTERY
118606,I172051926,111,Homicide,"MURDER, NON-NEGLIGIENT MANSLAUGHTER"
119056,I172051446,111,Homicide,"MURDER, NON-NEGLIGIENT MANSLAUGHTER"
119124,I172051378,413,Aggravated Assault,ASSAULT - AGGRAVATED - BATTERY
119615,I172050866,413,Aggravated Assault,ASSAULT - AGGRAVATED - BATTERY
119617,I172050864,413,Aggravated Assault,ASSAULT - AGGRAVATED - BATTERY
119721,I172050746,413,Aggravated Assault,ASSAULT - AGGRAVATED - BATTERY
121184,I172049184,413,Aggravated Assault,ASSAULT - AGGRAVATED - BATTERY
121657,I172048679,413,Aggravated Assault,ASSAULT - AGGRAVATED - BATTERY
121961,I172048352,413,Aggravated Assault,ASSAULT - AGGRAVATED - BATTERY
122660,I172047604,301,Robbery,ROBBERY - STREET
122988,I172047249,111,Homicide,"MURDER, NON-NEGLIGIENT MANSLAUGHTER"
123317,I172046900,111,Homicide,"MURDER, NON-NEGLIGIENT MANSLAUGHTER"
123364,I172046848,413,Aggravated Assault,ASSAULT - AGGRAVATED - BATTERY
123756,I172046423,413,Aggravated Assault,ASSAULT - AGGRAVATED - BATTERY
124124,I172046001,413,Aggravated Assault,ASSAULT - AGGRAVATED - BATTERY
124126,I172045999,413,Aggravated Assault,ASSAULT - AGGRAVATED - BATTERY
124239,I172045865,413,Aggravated Assault,ASSAULT - AGGRAVATED - BATTERY
124714,I172045372,413,Aggravated Assault,ASSAULT - AGGRAVATED - BATTERY
124723,I172045363,413,Aggravated Assault,ASSAULT - AGGRAVATED - BATTERY
124747,I172045333,413,Aggravated Assault,ASSAULT - AGGRAVATED - BATTERY
124750,I172045331,413,Aggravated Assault,ASSAULT - AGGRAVATED - BATTERY
125895,I172044102,413,Aggravated Assault,ASSAULT - AGGRAVATED - BATTERY
125970,I172044027,413,Aggravated Assault,ASSAULT - AGGRAVATED - BATTERY
126170,I172043809,413,Aggravated Assault,ASSAULT - AGGRAVATED - BATTERY
127980,I172041830,111,Homicide,"MURDER, NON-NEGLIGIENT MANSLAUGHTER"
128023,I172041785,3125,Warrant Arrests,WARRANT ARREST
128408,I172041368,3006,Medical Assistance,SICK/INJURED/MEDICAL - PERSON
128893,I172040839,413,Aggravated Assault,ASSAULT - AGGRAVATED - BATTERY
129443,I172040229,413,Aggravated Assault,ASSAULT - AGGRAVATED - BATTERY
129461,I172040210,413,Aggravated Assault,ASSAULT - AGGRAVATED - BATTERY
129715,I172039930,3114,Investigate Property,INVESTIGATE PROPERTY
130538,I172039041,413,Aggravated Assault,ASSAULT - AGGRAVATED - BATTERY
131739,I172037777,111,Homicide,"MURDER, NON-NEGLIGIENT MANSLAUGHTER"
131870,I172037641,413,Aggravated Assault,ASSAULT - AGGRAVATED - BATTERY
132815,I172036626,413,Aggravated Assault,ASSAULT - AGGRAVATED - BATTERY
132820,I172036620,413,Aggravated Assault,ASSAULT - AGGRAVATED - BATTERY
133613,I172035784,413,Aggravated Assault,ASSAULT - AGGRAVATED - BATTERY
133898,I172035478,111,Homicide,"MURDER, NON-NEGLIGIENT MANSLAUGHTER"
134507,I172034834,413,Aggravated Assault,ASSAULT - AGGRAVATED - BATTERY
135659,I172033610,413,Aggravated Assault,ASSAULT - AGGRAVATED - BATTERY
135971,I172033274,413,Aggravated Assault,ASSAULT - AGGRAVATED - BATTERY
136286,I172032945,111,Homicide,"MURDER, NON-NEGLIGIENT MANSLAUGHTER"
136868,I172032306,413,Aggravated Assault,ASSAULT - AGGRAVATED - BATTERY
137111,I172032046,3114,Investigate Property,INVESTIGATE PROPERTY
137408,I172031740,413,Aggravated Assault,ASSAULT - AGGRAVATED - BATTERY
137411,I172031736,413,Aggravated Assault,ASSAULT - AGGRAVATED - BATTERY
137428,I172031721,111,Homicide,"MURDER, NON-NEGLIGIENT MANSLAUGHTER"
137457,I172031688,413,Aggravated Assault,ASSAULT - AGGRAVATED - BATTERY
137885,I172031211,3125,Warrant Arrests,WARRANT ARREST
139526,I172029428,413,Aggravated Assault,ASSAULT - AGGRAVATED - BATTERY
139667,I172029267,413,Aggravated Assault,ASSAULT - AGGRAVATED - BATTERY
140070,I172028837,1501,Firearm Violations,"WEAPON - FIREARM - CARRYING / POSSESSING, ETC"
140318,I172028584,3119,Firearm Discovery,FIREARM/WEAPON - FOUND OR CONFISCATED
140329,I172028574,413,Aggravated Assault,ASSAULT - AGGRAVATED - BATTERY
140597,I172028270,3106,Property Related Damage,PROPERTY - ACCIDENTAL DAMAGE
140807,I172028061,2662,Ballistics,BALLISTICS EVIDENCE/FOUND
141632,I172027171,413,Aggravated Assault,ASSAULT - AGGRAVATED - BATTERY
141992,I172026760,413,Aggravated Assault,ASSAULT - AGGRAVATED - BATTERY
142687,I172026026,413,Aggravated Assault,ASSAULT - AGGRAVATED - BATTERY
143007,I172025670,413,Aggravated Assault,ASSAULT - AGGRAVATED - BATTERY
143861,I172024785,413,Aggravated Assault,ASSAULT - AGGRAVATED - BATTERY
144157,I172024478,413,Aggravated Assault,ASSAULT - AGGRAVATED - BATTERY
144536,I172024077,413,Aggravated Assault,ASSAULT - AGGRAVATED - BATTERY
145451,I172023114,413,Aggravated Assault,ASSAULT - AGGRAVATED - BATTERY
147949,I172020425,413,Aggravated Assault,ASSAULT - AGGRAVATED - BATTERY
149207,I172019108,1501,Firearm Violations,"WEAPON - FIREARM - CARRYING / POSSESSING, ETC"
149803,I172018486,413,Aggravated Assault,ASSAULT - AGGRAVATED - BATTERY
151804,I172016312,413,Aggravated Assault,ASSAULT - AGGRAVATED - BATTERY
153220,I172014851,413,Aggravated Assault,ASSAULT - AGGRAVATED - BATTERY
153319,I172014754,413,Aggravated Assault,ASSAULT - AGGRAVATED - BATTERY
153472,I172014595,3125,Warrant Arrests,WARRANT ARREST
154117,I172013903,3125,Warrant Arrests,WARRANT ARREST
157475,I172010342,413,Aggravated Assault,ASSAULT - AGGRAVATED - BATTERY
157938,I172009839,111,Homicide,"MURDER, NON-NEGLIGIENT MANSLAUGHTER"
158315,I172009433,413,Aggravated Assault,ASSAULT - AGGRAVATED - BATTERY
159576,I172008070,111,Homicide,"MURDER, NON-NEGLIGIENT MANSLAUGHTER"
159790,I172007832,802,Simple Assault,ASSAULT SIMPLE - BATTERY
160142,I172007456,413,Aggravated Assault,ASSAULT - AGGRAVATED - BATTERY
161280,I172006241,301,Robbery,ROBBERY - STREET
161851,I172005625,111,Homicide,"MURDER, NON-NEGLIGIENT MANSLAUGHTER"
161874,I172005603,413,Aggravated Assault,ASSAULT - AGGRAVATED - BATTERY
162039,I172005430,2662,Ballistics,BALLISTICS EVIDENCE/FOUND
162883,I172004542,413,Aggravated Assault,ASSAULT - AGGRAVATED - BATTERY
164373,I172002970,413,Aggravated Assault,ASSAULT - AGGRAVATED - BATTERY
164442,I172002902,413,Aggravated Assault,ASSAULT - AGGRAVATED - BATTERY
164950,I172002376,1510,Firearm Violations,WEAPON - FIREARM - OTHER VIOLATION
165271,I172002024,413,Aggravated Assault,ASSAULT - AGGRAVATED - BATTERY
167108,I172000047,413,Aggravated Assault,ASSAULT - AGGRAVATED - BATTERY
167458,I162106131,413,Aggravated Assault,ASSAULT - AGGRAVATED - BATTERY
167912,I162105651,413,Aggravated Assault,ASSAULT - AGGRAVATED - BATTERY
168987,I162104474,413,Aggravated Assault,ASSAULT - AGGRAVATED - BATTERY
169272,I162104173,413,Aggravated Assault,ASSAULT - AGGRAVATED - BATTERY
170542,I162102801,413,Aggravated Assault,ASSAULT - AGGRAVATED - BATTERY
171694,I162101528,413,Aggravated Assault,ASSAULT - AGGRAVATED - BATTERY
171853,I162101338,413,Aggravated Assault,ASSAULT - AGGRAVATED - BATTERY
172139,I162101031,413,Aggravated Assault,ASSAULT - AGGRAVATED - BATTERY
172164,I162101004,1510,Firearm Violations,WEAPON - FIREARM - OTHER VIOLATION
172779,I162100329,413,Aggravated Assault,ASSAULT - AGGRAVATED - BATTERY
172903,I162100193,413,Aggravated Assault,ASSAULT - AGGRAVATED - BATTERY
174275,I162098714,413,Aggravated Assault,ASSAULT - AGGRAVATED - BATTERY
174476,I162098498,111,Homicide,"MURDER, NON-NEGLIGIENT MANSLAUGHTER"
174616,I162098343,413,Aggravated Assault,ASSAULT - AGGRAVATED - BATTERY
174671,I162098292,413,Aggravated Assault,ASSAULT - AGGRAVATED - BATTERY
174797,I162098159,413,Aggravated Assault,ASSAULT - AGGRAVATED - BATTERY
174969,I162097972,413,Aggravated Assault,ASSAULT - AGGRAVATED - BATTERY
175065,I162097868,413,Aggravated Assault,ASSAULT - AGGRAVATED - BATTERY
175207,I162097703,361,Robbery,ROBBERY - OTHER
176941,I162095771,413,Aggravated Assault,ASSAULT - AGGRAVATED - BATTERY
178006,I162094630,413,Aggravated Assault,ASSAULT - AGGRAVATED - BATTERY
179077,I162093473,413,Aggravated Assault,ASSAULT - AGGRAVATED - BATTERY
179186,I162093358,413,Aggravated Assault,ASSAULT - AGGRAVATED - BATTERY
179311,I162093213,413,Aggravated Assault,ASSAULT - AGGRAVATED - BATTERY
179738,I162092748,413,Aggravated Assault,ASSAULT - AGGRAVATED - BATTERY
179741,I162092746,111,Homicide,"MURDER, NON-NEGLIGIENT MANSLAUGHTER"
179985,I162092494,1300,Recovered Stolen Property,STOLEN PROPERTY - BUYING / RECEIVING / POSSESSING
180735,I162091710,111,Homicide,"MURDER, NON-NEGLIGIENT MANSLAUGHTER"
181254,I162091158,413,Aggravated Assault,ASSAULT - AGGRAVATED - BATTERY
181317,I162091087,413,Aggravated Assault,ASSAULT - AGGRAVATED - BATTERY
181748,I162090649,111,Homicide,"MURDER, NON-NEGLIGIENT MANSLAUGHTER"
181791,I162090599,1501,Firearm Violations,"WEAPON - FIREARM - CARRYING / POSSESSING, ETC"
181795,I162090597,111,Homicide,"MURDER, NON-NEGLIGIENT MANSLAUGHTER"
182096,I162090282,413,Aggravated Assault,ASSAULT - AGGRAVATED - BATTERY
182108,I162090277,413,Aggravated Assault,ASSAULT - AGGRAVATED - BATTERY
182884,I162089429,413,Aggravated Assault,ASSAULT - AGGRAVATED - BATTERY
183661,I162088605,413,Aggravated Assault,ASSAULT - AGGRAVATED - BATTERY
183685,I162088581,111,Homicide,"MURDER, NON-NEGLIGIENT MANSLAUGHTER"
184351,I162087894,413,Aggravated Assault,ASSAULT - AGGRAVATED - BATTERY
185368,I162086825,111,Homicide,"MURDER, NON-NEGLIGIENT MANSLAUGHTER"
185694,I162086460,3114,Investigate Property,INVESTIGATE PROPERTY
186094,I162086029,413,Aggravated Assault,ASSAULT - AGGRAVATED - BATTERY
186272,I162085838,111,Homicide,"MURDER, NON-NEGLIGIENT MANSLAUGHTER"
186649,I162085432,3125,Warrant Arrests,WARRANT ARREST
186882,I162085177,413,Aggravated Assault,ASSAULT - AGGRAVATED - BATTERY
187490,I162084533,2662,Ballistics,BALLISTICS EVIDENCE/FOUND
188212,I162083769,3001,Medical Assistance,DEATH INVESTIGATION
189230,I162082704,1501,Firearm Violations,"WEAPON - FIREARM - CARRYING / POSSESSING, ETC"
189253,I162082684,413,Aggravated Assault,ASSAULT - AGGRAVATED - BATTERY
189280,I162082657,111,Homicide,"MURDER, NON-NEGLIGIENT MANSLAUGHTER"
189966,I162081928,413,Aggravated Assault,ASSAULT - AGGRAVATED - BATTERY
189985,I162081907,111,Homicide,"MURDER, NON-NEGLIGIENT MANSLAUGHTER"
191094,I162080713,413,Aggravated Assault,ASSAULT - AGGRAVATED - BATTERY
191484,I162080292,413,Aggravated Assault,ASSAULT - AGGRAVATED - BATTERY
192675,I162078997,111,Homicide,"MURDER, NON-NEGLIGIENT MANSLAUGHTER"
193229,I162078402,413,Aggravated Assault,ASSAULT - AGGRAVATED - BATTERY
193948,I162077614,1501,Firearm Violations,"WEAPON - FIREARM - CARRYING / POSSESSING, ETC"
194158,I162077407,413,Aggravated Assault,ASSAULT - AGGRAVATED - BATTERY
194474,I162077078,111,Homicide,"MURDER, NON-NEGLIGIENT MANSLAUGHTER"
194481,I162077070,413,Aggravated Assault,ASSAULT - AGGRAVATED - BATTERY
195069,I162076439,413,Aggravated Assault,ASSAULT - AGGRAVATED - BATTERY
195402,I162076074,413,Aggravated Assault,ASSAULT - AGGRAVATED - BATTERY
195549,I162075905,111,Homicide,"MURDER, NON-NEGLIGIENT MANSLAUGHTER"
196619,I162074754,413,Aggravated Assault,ASSAULT - AGGRAVATED - BATTERY
197576,I162073682,413,Aggravated Assault,ASSAULT - AGGRAVATED - BATTERY
197877,I162073342,413,Aggravated Assault,ASSAULT - AGGRAVATED - BATTERY
198170,I162073020,111,Homicide,"MURDER, NON-NEGLIGIENT MANSLAUGHTER"
198860,I162072280,413,Aggravated Assault,ASSAULT - AGGRAVATED - BATTERY
198869,I162072272,413,Aggravated Assault,ASSAULT - AGGRAVATED - BATTERY
199122,I162071993,413,Aggravated Assault,ASSAULT - AGGRAVATED - BATTERY
201458,I162069477,413,Aggravated Assault,ASSAULT - AGGRAVATED - BATTERY
201459,I162069476,111,Homicide,"MURDER, NON-NEGLIGIENT MANSLAUGHTER"
201465,I162069471,111,Homicide,"MURDER, NON-NEGLIGIENT MANSLAUGHTER"
201497,I162069440,413,Aggravated Assault,ASSAULT - AGGRAVATED - BATTERY
202000,I162068906,413,Aggravated Assault,ASSAULT - AGGRAVATED - BATTERY
202601,I162068258,413,Aggravated Assault,ASSAULT - AGGRAVATED - BATTERY
202955,I162067894,413,Aggravated Assault,ASSAULT - AGGRAVATED - BATTERY
203182,I162067634,413,Aggravated Assault,ASSAULT - AGGRAVATED - BATTERY
203447,I162067346,111,Homicide,"MURDER, NON-NEGLIGIENT MANSLAUGHTER"
203852,I162066921,413,Aggravated Assault,ASSAULT - AGGRAVATED - BATTERY
204473,I162066265,413,Aggravated Assault,ASSAULT - AGGRAVATED - BATTERY
204693,I162066023,413,Aggravated Assault,ASSAULT - AGGRAVATED - BATTERY
205561,I162065072,111,Homicide,"MURDER, NON-NEGLIGIENT MANSLAUGHTER"
205860,I162064751,413,Aggravated Assault,ASSAULT - AGGRAVATED - BATTERY
206490,I162064098,2662,Ballistics,BALLISTICS EVIDENCE/FOUND
209242,I162061140,413,Aggravated Assault,ASSAULT - AGGRAVATED - BATTERY
209379,I162060990,2662,Ballistics,BALLISTICS EVIDENCE/FOUND
209822,I162060517,413,Aggravated Assault,ASSAULT - AGGRAVATED - BATTERY
210450,I162059839,413,Aggravated Assault,ASSAULT - AGGRAVATED - BATTERY
210735,I162059512,413,Aggravated Assault,ASSAULT - AGGRAVATED - BATTERY
210743,I162059501,413,Aggravated Assault,ASSAULT - AGGRAVATED - BATTERY
211601,I162058558,413,Aggravated Assault,ASSAULT - AGGRAVATED - BATTERY
211603,I162058557,413,Aggravated Assault,ASSAULT - AGGRAVATED - BATTERY
211834,I162058298,301,Robbery,ROBBERY - STREET
211849,I162058281,413,Aggravated Assault,ASSAULT - AGGRAVATED - BATTERY
214624,I162055287,413,Aggravated Assault,ASSAULT - AGGRAVATED - BATTERY
214631,I162055281,413,Aggravated Assault,ASSAULT - AGGRAVATED - BATTERY
214719,I162055195,413,Aggravated Assault,ASSAULT - AGGRAVATED - BATTERY
215021,I162054882,413,Aggravated Assault,ASSAULT - AGGRAVATED - BATTERY
215380,I162054468,413,Aggravated Assault,ASSAULT - AGGRAVATED - BATTERY
215806,I162054043,413,Aggravated Assault,ASSAULT - AGGRAVATED - BATTERY
216605,I162053206,413,Aggravated Assault,ASSAULT - AGGRAVATED - BATTERY
216854,I162052935,413,Aggravated Assault,ASSAULT - AGGRAVATED - BATTERY
217112,I162052637,413,Aggravated Assault,ASSAULT - AGGRAVATED - BATTERY
218186,I162051465,413,Aggravated Assault,ASSAULT - AGGRAVATED - BATTERY
218844,I162050762,413,Aggravated Assault,ASSAULT - AGGRAVATED - BATTERY
219179,I162050393,413,Aggravated Assault,ASSAULT - AGGRAVATED - BATTERY
219307,I162050266,111,Homicide,"MURDER, NON-NEGLIGIENT MANSLAUGHTER"
220125,I162049388,413,Aggravated Assault,ASSAULT - AGGRAVATED - BATTERY
220134,I162049376,413,Aggravated Assault,ASSAULT - AGGRAVATED - BATTERY
220398,I162049094,413,Aggravated Assault,ASSAULT - AGGRAVATED - BATTERY
220404,I162049089,413,Aggravated Assault,ASSAULT - AGGRAVATED - BATTERY
220893,I162048551,413,Aggravated Assault,ASSAULT - AGGRAVATED - BATTERY
220909,I162048538,111,Homicide,"MURDER, NON-NEGLIGIENT MANSLAUGHTER"
222301,I162047077,413,Aggravated Assault,ASSAULT - AGGRAVATED - BATTERY
222375,I162046995,111,Homicide,"MURDER, NON-NEGLIGIENT MANSLAUGHTER"
222482,I162046888,3125,Warrant Arrests,WARRANT ARREST
224013,I162045234,111,Homicide,"MURDER, NON-NEGLIGIENT MANSLAUGHTER"
225021,I162044152,413,Aggravated Assault,ASSAULT - AGGRAVATED - BATTERY
225053,I162044119,111,Homicide,"MURDER, NON-NEGLIGIENT MANSLAUGHTER"
225296,I162043871,413,Aggravated Assault,ASSAULT - AGGRAVATED - BATTERY
225324,I162043842,413,Aggravated Assault,ASSAULT - AGGRAVATED - BATTERY
225362,I162043804,413,Aggravated Assault,ASSAULT - AGGRAVATED - BATTERY
225920,I162043232,413,Aggravated Assault,ASSAULT - AGGRAVATED - BATTERY
225934,I162043217,413,Aggravated Assault,ASSAULT - AGGRAVATED - BATTERY
226862,I162042228,111,Homicide,"MURDER, NON-NEGLIGIENT MANSLAUGHTER"
227040,I162042032,413,Aggravated Assault,ASSAULT - AGGRAVATED - BATTERY
227097,I162041974,413,Aggravated Assault,ASSAULT - AGGRAVATED - BATTERY
227358,I162041694,413,Aggravated Assault,ASSAULT - AGGRAVATED - BATTERY
227696,I162041316,413,Aggravated Assault,ASSAULT - AGGRAVATED - BATTERY
227950,I162041040,413,Aggravated Assault,ASSAULT - AGGRAVATED - BATTERY
229643,I162039242,111,Homicide,"MURDER, NON-NEGLIGIENT MANSLAUGHTER"
229731,I162039152,413,Aggravated Assault,ASSAULT - AGGRAVATED - BATTERY
230193,I162038639,413,Aggravated Assault,ASSAULT - AGGRAVATED - BATTERY
230788,I162038029,413,Aggravated Assault,ASSAULT - AGGRAVATED - BATTERY
231025,I162037770,413,Aggravated Assault,ASSAULT - AGGRAVATED - BATTERY
231044,I162037747,1402,Vandalism,VANDALISM
231324,I162037458,413,Aggravated Assault,ASSAULT - AGGRAVATED - BATTERY
232575,I162036099,413,Aggravated Assault,ASSAULT - AGGRAVATED - BATTERY
232788,I162035873,413,Aggravated Assault,ASSAULT - AGGRAVATED - BATTERY
233994,I162034516,413,Aggravated Assault,ASSAULT - AGGRAVATED - BATTERY
235066,I162033354,413,Aggravated Assault,ASSAULT - AGGRAVATED - BATTERY
235319,I162033066,413,Aggravated Assault,ASSAULT - AGGRAVATED - BATTERY
235515,I162032844,413,Aggravated Assault,ASSAULT - AGGRAVATED - BATTERY
236108,I162032243,413,Aggravated Assault,ASSAULT - AGGRAVATED - BATTERY
236947,I162031365,413,Aggravated Assault,ASSAULT - AGGRAVATED - BATTERY
237016,I162031289,413,Aggravated Assault,ASSAULT - AGGRAVATED - BATTERY
237180,I162031116,413,Aggravated Assault,ASSAULT - AGGRAVATED - BATTERY
237221,I162031072,413,Aggravated Assault,ASSAULT - AGGRAVATED - BATTERY
237659,I162030585,413,Aggravated Assault,ASSAULT - AGGRAVATED - BATTERY
241288,I162026728,423,Aggravated Assault,ASSAULT - AGGRAVATED
241409,I162026598,1501,Firearm Violations,"WEAPON - FIREARM - CARRYING / POSSESSING, ETC"
244161,I162023617,111,Homicide,"MURDER, NON-NEGLIGIENT MANSLAUGHTER"
244885,I162022863,413,Aggravated Assault,ASSAULT - AGGRAVATED - BATTERY
244977,I162022759,413,Aggravated Assault,ASSAULT - AGGRAVATED - BATTERY
245257,I162022446,3831,Motor Vehicle Accident Response,M/V - LEAVING SCENE - PROPERTY DAMAGE
245287,I162022418,111,Homicide,"MURDER, NON-NEGLIGIENT MANSLAUGHTER"
245813,I162021886,413,Aggravated Assault,ASSAULT - AGGRAVATED - BATTERY
246691,I162020921,413,Aggravated Assault,ASSAULT - AGGRAVATED - BATTERY
247364,I162020182,3201,Property Lost,PROPERTY - LOST
249861,I162017441,413,Aggravated Assault,ASSAULT - AGGRAVATED - BATTERY
253178,I162013862,413,Aggravated Assault,ASSAULT - AGGRAVATED - BATTERY
253572,I162013434,3115,Investigate Person,INVESTIGATE PERSON
255413,I162011468,371,Robbery,ROBBERY - HOME INVASION
257080,I162009661,1843,Drug Violation,DRUGS - POSS CLASS B - INTENT TO MFR DIST DISP
257183,I162009550,111,Homicide,"MURDER, NON-NEGLIGIENT MANSLAUGHTER"
257721,I162008969,413,Aggravated Assault,ASSAULT - AGGRAVATED - BATTERY
258993,I162007640,413,Aggravated Assault,ASSAULT - AGGRAVATED - BATTERY
259551,I162007065,111,Homicide,"MURDER, NON-NEGLIGIENT MANSLAUGHTER"
259966,I162006622,413,Aggravated Assault,ASSAULT - AGGRAVATED - BATTERY
261269,I162005173,413,Aggravated Assault,ASSAULT - AGGRAVATED - BATTERY
261353,I162005087,3109,Police Service Incidents,SERVICE TO OTHER PD INSIDE OF MA.
261873,I162004526,413,Aggravated Assault,ASSAULT - AGGRAVATED - BATTERY
261957,I162004418,413,Aggravated Assault,ASSAULT - AGGRAVATED - BATTERY
262486,I162003848,413,Aggravated Assault,ASSAULT - AGGRAVATED - BATTERY
262751,I162003560,3125,Warrant Arrests,WARRANT ARREST
263657,I162002573,111,Homicide,"MURDER, NON-NEGLIGIENT MANSLAUGHTER"
263760,I162002449,413,Aggravated Assault,ASSAULT - AGGRAVATED - BATTERY
264131,I162002052,413,Aggravated Assault,ASSAULT - AGGRAVATED - BATTERY
265935,I162000112,3130,Search Warrants,SEARCH WARRANT
266275,I152107623,413,Aggravated Assault,ASSAULT - AGGRAVATED - BATTERY
266280,I152107617,413,Aggravated Assault,ASSAULT - AGGRAVATED - BATTERY
266665,I152107190,111,Homicide,"MURDER, NON-NEGLIGIENT MANSLAUGHTER"
266982,I152106846,413,Aggravated Assault,ASSAULT - AGGRAVATED - BATTERY
267198,I152106597,413,Aggravated Assault,ASSAULT - AGGRAVATED - BATTERY
267214,I152106575,413,Aggravated Assault,ASSAULT - AGGRAVATED - BATTERY
267222,I152106565,413,Aggravated Assault,ASSAULT - AGGRAVATED - BATTERY
267404,I152106351,413,Aggravated Assault,ASSAULT - AGGRAVATED - BATTERY
267812,I152105891,413,Aggravated Assault,ASSAULT - AGGRAVATED - BATTERY
267848,I152105851,413,Aggravated Assault,ASSAULT - AGGRAVATED - BATTERY
268294,I152105346,413,Aggravated Assault,ASSAULT - AGGRAVATED - BATTERY
268598,I152105038,413,Aggravated Assault,ASSAULT - AGGRAVATED - BATTERY
269177,I152104401,413,Aggravated Assault,ASSAULT - AGGRAVATED - BATTERY
269644,I152103905,413,Aggravated Assault,ASSAULT - AGGRAVATED - BATTERY
269647,I152103899,413,Aggravated Assault,ASSAULT - AGGRAVATED - BATTERY
269674,I152103866,413,Aggravated Assault,ASSAULT - AGGRAVATED - BATTERY
269722,I152103817,413,Aggravated Assault,ASSAULT - AGGRAVATED - BATTERY
270009,I152103493,413,Aggravated Assault,ASSAULT - AGGRAVATED - BATTERY
270230,I152103255,413,Aggravated Assault,ASSAULT - AGGRAVATED - BATTERY
270887,I152102506,413,Aggravated Assault,ASSAULT - AGGRAVATED - BATTERY
271488,I152101840,111,Homicide,"MURDER, NON-NEGLIGIENT MANSLAUGHTER"
271730,I152101582,3831,Motor Vehicle Accident Response,M/V - LEAVING SCENE - PROPERTY DAMAGE
272595,I152100622,413,Aggravated Assault,ASSAULT - AGGRAVATED - BATTERY
272626,I152100585,111,Homicide,"MURDER, NON-NEGLIGIENT MANSLAUGHTER"
272733,I152100461,413,Aggravated Assault,ASSAULT - AGGRAVATED - BATTERY
274111,I152098897,413,Aggravated Assault,ASSAULT - AGGRAVATED - BATTERY
274258,I152098729,301,Robbery,ROBBERY - STREET
274966,I152097957,111,Homicide,"MURDER, NON-NEGLIGIENT MANSLAUGHTER"
274970,I152097955,413,Aggravated Assault,ASSAULT - AGGRAVATED - BATTERY
276346,I152096420,413,Aggravated Assault,ASSAULT - AGGRAVATED - BATTERY
277940,I152094689,413,Aggravated Assault,ASSAULT - AGGRAVATED - BATTERY
277964,I152094666,413,Aggravated Assault,ASSAULT - AGGRAVATED - BATTERY
277990,I152094639,413,Aggravated Assault,ASSAULT - AGGRAVATED - BATTERY
279729,I152092670,413,Aggravated Assault,ASSAULT - AGGRAVATED - BATTERY
281141,I152091104,111,Homicide,"MURDER, NON-NEGLIGIENT MANSLAUGHTER"
281493,I152090710,413,Aggravated Assault,ASSAULT - AGGRAVATED - BATTERY
281820,I152090355,413,Aggravated Assault,ASSAULT - AGGRAVATED - BATTERY
282655,I152089426,413,Aggravated Assault,ASSAULT - AGGRAVATED - BATTERY
283659,I152088337,111,Homicide,"MURDER, NON-NEGLIGIENT MANSLAUGHTER"
284081,I152087906,3125,Warrant Arrests,WARRANT ARREST
285400,I152086458,413,Aggravated Assault,ASSAULT - AGGRAVATED - BATTERY
285944,I152085872,413,Aggravated Assault,ASSAULT - AGGRAVATED - BATTERY
286466,I152085312,413,Aggravated Assault,ASSAULT - AGGRAVATED - BATTERY
289502,I152082012,413,Aggravated Assault,ASSAULT - AGGRAVATED - BATTERY
289970,I152081498,413,Aggravated Assault,ASSAULT - AGGRAVATED - BATTERY
290188,I152081264,3130,Search Warrants,SEARCH WARRANT
290543,I152080898,1402,Vandalism,VANDALISM
290739,I152080693,413,Aggravated Assault,ASSAULT - AGGRAVATED - BATTERY
291279,I152080107,413,Aggravated Assault,ASSAULT - AGGRAVATED - BATTERY
291588,I152079776,413,Aggravated Assault,ASSAULT - AGGRAVATED - BATTERY
291951,I152079378,111,Homicide,"MURDER, NON-NEGLIGIENT MANSLAUGHTER"
292324,I152078988,413,Aggravated Assault,ASSAULT - AGGRAVATED - BATTERY
294116,I152077031,2660,Other,OTHER OFFENSE
295121,I152075954,413,Aggravated Assault,ASSAULT - AGGRAVATED - BATTERY
295903,I152075106,111,Homicide,"MURDER, NON-NEGLIGIENT MANSLAUGHTER"
296975,I152073942,413,Aggravated Assault,ASSAULT - AGGRAVATED - BATTERY
296978,I152073939,413,Aggravated Assault,ASSAULT - AGGRAVATED - BATTERY
299112,I152071601,802,Simple Assault,ASSAULT SIMPLE - BATTERY
299117,I152071596,2662,Ballistics,BALLISTICS EVIDENCE/FOUND
300290,I152070281,413,Aggravated Assault,ASSAULT - AGGRAVATED - BATTERY
300520,I152070024,413,Aggravated Assault,ASSAULT - AGGRAVATED - BATTERY
300718,I152069800,413,Aggravated Assault,ASSAULT - AGGRAVATED - BATTERY
301562,I152068856,413,Aggravated Assault,ASSAULT - AGGRAVATED - BATTERY
301571,I152068848,413,Aggravated Assault,ASSAULT - AGGRAVATED - BATTERY
302117,I152068253,413,Aggravated Assault,ASSAULT - AGGRAVATED - BATTERY
302531,I152067782,413,Aggravated Assault,ASSAULT - AGGRAVATED - BATTERY
302830,I152067431,413,Aggravated Assault,ASSAULT - AGGRAVATED - BATTERY
302856,I152067405,413,Aggravated Assault,ASSAULT - AGGRAVATED - BATTERY
303111,I152067124,413,Aggravated Assault,ASSAULT - AGGRAVATED - BATTERY
303201,I152067039,413,Aggravated Assault,ASSAULT - AGGRAVATED - BATTERY
303381,I152066849,3006,Medical Assistance,SICK/INJURED/MEDICAL - PERSON
303402,I152066828,111,Homicide,"MURDER, NON-NEGLIGIENT MANSLAUGHTER"
303403,I152066827,111,Homicide,"MURDER, NON-NEGLIGIENT MANSLAUGHTER"
304399,I152065731,413,Aggravated Assault,ASSAULT - AGGRAVATED - BATTERY
304632,I152065478,413,Aggravated Assault,ASSAULT - AGGRAVATED - BATTERY
304651,I152065459,413,Aggravated Assault,ASSAULT - AGGRAVATED - BATTERY
305983,I152064063,1845,Drug Violation,DRUGS - POSS CLASS D
306100,I152063927,413,Aggravated Assault,ASSAULT - AGGRAVATED - BATTERY
306295,I152063708,413,Aggravated Assault,ASSAULT - AGGRAVATED - BATTERY
306391,I152063597,413,Aggravated Assault,ASSAULT - AGGRAVATED - BATTERY
307409,I152062504,111,Homicide,"MURDER, NON-NEGLIGIENT MANSLAUGHTER"
307950,I152061904,413,Aggravated Assault,ASSAULT - AGGRAVATED - BATTERY
308244,I152061546,413,Aggravated Assault,ASSAULT - AGGRAVATED - BATTERY
308397,I152061366,413,Aggravated Assault,ASSAULT - AGGRAVATED - BATTERY
308672,I152061055,413,Aggravated Assault,ASSAULT - AGGRAVATED - BATTERY
309028,I152060642,413,Aggravated Assault,ASSAULT - AGGRAVATED - BATTERY
309520,I152060108,413,Aggravated Assault,ASSAULT - AGGRAVATED - BATTERY
309723,I152059883,111,Homicide,"MURDER, NON-NEGLIGIENT MANSLAUGHTER"
310262,I152059273,413,Aggravated Assault,ASSAULT - AGGRAVATED - BATTERY
310302,I152059221,413,Aggravated Assault,ASSAULT - AGGRAVATED - BATTERY
310548,I152058960,413,Aggravated Assault,ASSAULT - AGGRAVATED - BATTERY
311143,I152058305,413,Aggravated Assault,ASSAULT - AGGRAVATED - BATTERY
311718,I152057685,413,Aggravated Assault,ASSAULT - AGGRAVATED - BATTERY
311720,I152057684,413,Aggravated Assault,ASSAULT - AGGRAVATED - BATTERY
311825,I152057567,413,Aggravated Assault,ASSAULT - AGGRAVATED - BATTERY
311955,I152057410,413,Aggravated Assault,ASSAULT - AGGRAVATED - BATTERY
311971,I152057392,413,Aggravated Assault,ASSAULT - AGGRAVATED - BATTERY
312773,I152056444,413,Aggravated Assault,ASSAULT - AGGRAVATED - BATTERY
313498,I152055608,301,Robbery,ROBBERY - STREET
313526,I152055577,413,Aggravated Assault,ASSAULT - AGGRAVATED - BATTERY
313755,I152055319,413,Aggravated Assault,ASSAULT - AGGRAVATED - BATTERY
313764,I152055311,111,Homicide,"MURDER, NON-NEGLIGIENT MANSLAUGHTER"
313949,I152055102,413,Aggravated Assault,ASSAULT - AGGRAVATED - BATTERY
313959,I152055092,413,Aggravated Assault,ASSAULT - AGGRAVATED - BATTERY
314237,I152054787,3001,Medical Assistance,DEATH INVESTIGATION
314277,I152054740,423,Aggravated Assault,ASSAULT - AGGRAVATED
314638,I152054324,413,Aggravated Assault,ASSAULT - AGGRAVATED - BATTERY
315483,I152053353,413,Aggravated Assault,ASSAULT - AGGRAVATED - BATTERY
315501,I152053337,1402,Vandalism,VANDALISM
315528,I152053302,413,Aggravated Assault,ASSAULT - AGGRAVATED - BATTERY
316037,I152052766,413,Aggravated Assault,ASSAULT - AGGRAVATED - BATTERY
316108,I152052674,413,Aggravated Assault,ASSAULT - AGGRAVATED - BATTERY
316374,I152052391,413,Aggravated Assault,ASSAULT - AGGRAVATED - BATTERY
317367,I152051161,1501,Firearm Violations,"WEAPON - FIREARM - CARRYING / POSSESSING, ETC"
317567,I152050961,413,Aggravated Assault,ASSAULT - AGGRAVATED - BATTERY
318306,I152050036,413,Aggravated Assault,ASSAULT - AGGRAVATED - BATTERY
